age,income,children,gender_FEMALE,gender_MALE,region_INNER_CITY,region_RURAL,region_SUBURBAN,region_TOWN,married_NO,married_YES,car_NO,car_YES,savings_acct_NO,savings_acct_YES,current_acct_NO,current_acct_YES,mortgage_NO,mortgage_YES,pep_NO,pep_YES
0.44776119402985076,0.19850736811758576,0.3333333333333333,1,0,1,0,0,0,1,0,1,0,1,0,1,0,1,0,0,1
0.3283582089552239,0.3971305288602426,1.0,0,1,0,0,0,1,0,1,0,1,1,0,0,1,0,1,1,0
0.4925373134328358,0.183132768679283,0.0,1,0,1,0,0,0,0,1,0,1,0,1,0,1,1,0,1,0
0.07462686567164178,0.24332592535098158,1.0,1,0,0,0,0,1,0,1,1,0,1,0,0,1,1,0,1,0
0.582089552238806,0.7217173741210612,0.0,1,0,0,1,0,0,0,1,1,0,0,1,1,0,1,0,1,0
0.582089552238806,0.5204393783630946,0.6666666666666666,1,0,0,0,0,1,0,1,1,0,0,1,0,1,1,0,0,1
0.05970149253731343,0.06118887820548359,0.0,0,1,0,1,0,0,1,0,1,0,1,0,0,1,1,0,0,1
0.5970149253731343,0.3157351247661575,0.0,0,1,0,0,0,1,0,1,0,1,0,1,0,1,1,0,1,0
0.2835820895522388,0.32140120164549085,0.6666666666666666,1,0,0,0,1,0,0,1,0,1,1,0,1,0,1,0,1,0
0.5373134328358209,0.3041004211936937,0.6666666666666666,0,1,0,0,0,1,0,1,0,1,0,1,0,1,1,0,1,0
0.7164179104477612,0.8678853668852101,0.0,1,0,0,0,0,1,0,1,1,0,0,1,0,1,1,0,1,0
0.5074626865671642,0.34285689393807395,0.0,1,0,1,0,0,0,1,0,0,1,0,1,0,1,0,1,1,0
0.3880597014925373,0.169833249115715,0.3333333333333333,1,0,0,0,0,1,0,1,1,0,0,1,0,1,0,1,0,1
0.7164179104477612,0.79503263894719,0.3333333333333333,1,0,0,0,0,1,0,1,0,1,0,1,0,1,0,1,0,1
0.26865671641791045,0.22905697915891152,0.0,0,1,0,1,0,0,0,1,1,0,0,1,0,1,0,1,1,0
0.29850746268656714,0.27447905198946304,0.0,1,0,1,0,0,0,0,1,0,1,0,1,0,1,0,1,1,0
0.2835820895522388,0.2014188160639695,0.6666666666666666,1,0,0,0,0,1,0,1,1,0,1,0,1,0,0,1,1,0
0.417910447761194,0.5702793120872611,0.0,1,0,0,0,1,0,0,1,1,0,0,1,1,0,0,1,1,0
0.6567164179104478,0.34682330615665113,0.0,1,0,1,0,0,0,0,1,1,0,0,1,1,0,1,0,0,1
0.19402985074626866,0.2773413949922462,0.0,0,1,0,0,0,1,0,1,0,1,0,1,0,1,1,0,1,0
0.6417910447761194,0.8374212934875757,0.6666666666666666,0,1,1,0,0,0,0,1,1,0,0,1,1,0,1,0,0,1
0.47761194029850745,0.18189564090663568,0.6666666666666666,0,1,0,0,0,1,0,1,1,0,0,1,0,1,1,0,1,0
0.5373134328358209,0.5295792339945604,0.0,0,1,1,0,0,0,0,1,1,0,0,1,0,1,1,0,1,0
0.13432835820895522,0.16671270915141906,0.0,1,0,0,0,0,1,1,0,0,1,0,1,0,1,0,1,1,0
0.05970149253731343,0.12079958688486157,0.6666666666666666,0,1,1,0,0,0,1,0,0,1,0,1,0,1,1,0,1,0
0.5671641791044776,0.5705644375662323,0.0,0,1,1,0,0,0,0,1,0,1,0,1,0,1,0,1,1,0
0.40298507462686567,0.25020536954638123,0.0,0,1,1,0,0,0,0,1,1,0,0,1,0,1,0,1,1,0
0.31343283582089554,0.2391852697841442,0.3333333333333333,1,0,0,0,0,1,0,1,1,0,1,0,0,1,1,0,0,1
0.31343283582089554,0.38563046787507066,1.0,1,0,1,0,0,0,1,0,0,1,1,0,0,1,0,1,1,0
0.6417910447761194,0.30501915884815645,0.3333333333333333,0,1,0,1,0,0,0,1,1,0,1,0,0,1,1,0,0,1
0.6417910447761194,0.28399590686534637,0.6666666666666666,1,0,0,1,0,0,0,1,1,0,0,1,0,1,1,0,1,0
0.029850746268656716,0.1791790287042156,0.6666666666666666,1,0,0,0,0,1,0,1,1,0,0,1,1,0,1,0,1,0
0.40298507462686567,0.2919208111503071,0.3333333333333333,0,1,0,0,1,0,0,1,0,1,0,1,0,1,1,0,0,1
0.22388059701492538,0.39453588700160463,1.0,1,0,1,0,0,0,1,0,0,1,0,1,1,0,1,0,1,0
0.373134328358209,0.5149317045276343,0.0,0,1,0,0,1,0,1,0,1,0,0,1,0,1,1,0,0,1
0.13432835820895522,0.23528855490487108,0.6666666666666666,1,0,1,0,0,0,0,1,1,0,0,1,0,1,1,0,1,0
0.014925373134328358,0.09407224129218868,1.0,0,1,0,1,0,0,0,1,0,1,0,1,0,1,1,0,1,0
0.26865671641791045,0.13253250034452663,0.0,1,0,0,1,0,0,1,0,0,1,1,0,0,1,1,0,0,1
0.373134328358209,0.21368713181192492,0.0,1,0,0,0,0,1,0,1,0,1,0,1,0,1,1,0,1,0
0.7164179104477612,0.32278247618806244,0.6666666666666666,1,0,0,0,1,0,1,0,1,0,1,0,0,1,1,0,1,0
0.5522388059701493,0.34468486506436713,0.0,0,1,0,0,0,1,0,1,1,0,1,0,0,1,0,1,0,1
0.43283582089552236,0.34751077536705943,0.0,1,0,1,0,0,0,0,1,0,1,1,0,0,1,1,0,1,0
0.7313432835820896,0.8031397067326046,0.6666666666666666,0,1,0,0,0,1,1,0,0,1,0,1,1,0,1,0,0,1
0.208955223880597,0.3573143397523527,0.0,1,0,0,0,0,1,0,1,0,1,1,0,0,1,0,1,1,0
0.029850746268656716,0.13821916961956343,0.6666666666666666,0,1,1,0,0,0,1,0,0,1,0,1,0,1,0,1,1,0
0.6865671641791045,0.7548917235993607,0.6666666666666666,0,1,1,0,0,0,0,1,1,0,0,1,0,1,0,1,0,1
0.47761194029850745,0.13099440678852084,0.3333333333333333,1,0,1,0,0,0,1,0,0,1,0,1,0,1,1,0,0,1
0.16417910447761194,0.1281859208206545,0.6666666666666666,0,1,1,0,0,0,1,0,1,0,0,1,0,1,0,1,0,1
0.5074626865671642,0.5470225771858432,0.6666666666666666,0,1,1,0,0,0,1,0,0,1,1,0,0,1,1,0,0,1
0.43283582089552236,0.20359685791722174,0.6666666666666666,1,0,0,1,0,0,0,1,0,1,0,1,1,0,1,0,1,0
0.08955223880597014,0.14724339102900205,0.6666666666666666,0,1,0,0,0,1,1,0,0,1,0,1,1,0,1,0,1,0
0.26865671641791045,0.29907429261160684,0.0,0,1,0,0,0,1,0,1,1,0,1,0,1,0,1,0,1,0
0.373134328358209,0.1781319845842158,0.3333333333333333,0,1,0,0,0,1,0,1,1,0,0,1,0,1,1,0,0,1
0.44776119402985076,0.3925210002835414,0.3333333333333333,0,1,0,0,1,0,1,0,1,0,0,1,0,1,1,0,0,1
0.6716417910447762,0.8209758894726922,0.0,0,1,0,0,0,1,0,1,1,0,0,1,0,1,0,1,1,0
0.5074626865671642,0.6783070199476954,1.0,1,0,0,1,0,0,1,0,1,0,0,1,1,0,1,0,0,1
0.5970149253731343,0.3162245901717248,0.0,1,0,1,0,0,0,1,0,1,0,1,0,0,1,1,0,0,1
0.14925373134328357,0.286878842263833,0.0,0,1,1,0,0,0,0,1,1,0,0,1,0,1,1,0,0,1
0.16417910447761194,0.16045578891843987,0.0,1,0,1,0,0,0,0,1,1,0,1,0,0,1,1,0,1,0
0.23880597014925373,0.3218764107771095,0.3333333333333333,0,1,1,0,0,0,1,0,0,1,0,1,0,1,0,1,0,1
0.3582089552238806,0.31283159697196744,0.3333333333333333,1,0,1,0,0,0,0,1,1,0,0,1,0,1,0,1,0,1
0.7014925373134329,0.5001542845647322,0.3333333333333333,1,0,1,0,0,0,1,0,0,1,1,0,0,1,1,0,0,1
0.43283582089552236,0.3486195966741697,0.6666666666666666,0,1,1,0,0,0,0,1,1,0,0,1,0,1,1,0,1,0
0.029850746268656716,0.10591128479124855,0.0,0,1,1,0,0,0,0,1,1,0,0,1,1,0,1,0,1,0
0.04477611940298507,0.0,0.0,0,1,0,0,0,1,1,0,0,1,0,1,0,1,0,1,1,0
0.3582089552238806,0.19603786466360737,0.0,0,1,1,0,0,0,0,1,1,0,0,1,0,1,1,0,1,0
0.014925373134328358,0.09261493328855808,0.6666666666666666,0,1,0,0,0,1,1,0,1,0,0,1,0,1,1,0,1,0
0.34328358208955223,0.4732875442934512,0.0,1,0,0,0,0,1,1,0,1,0,0,1,0,1,0,1,1,0
0.1791044776119403,0.22792439739522033,0.6666666666666666,0,1,0,0,0,1,1,0,1,0,0,1,0,1,1,0,1,0
0.19402985074626866,0.08597626171984521,0.6666666666666666,1,0,0,1,0,0,0,1,1,0,1,0,0,1,1,0,0,1
0.1044776119402985,0.14336568451499362,1.0,0,1,1,0,0,0,0,1,0,1,0,1,0,1,1,0,1,0
0.04477611940298507,0.04828948473073858,0.0,0,1,1,0,0,0,1,0,1,0,1,0,0,1,1,0,0,1
0.26865671641791045,0.4271780022524913,1.0,0,1,1,0,0,0,0,1,0,1,0,1,0,1,0,1,0,1
0.5970149253731343,0.28802884836235015,0.6666666666666666,1,0,1,0,0,0,0,1,1,0,0,1,1,0,0,1,1,0
0.6865671641791045,0.7549455806342775,0.6666666666666666,1,0,1,0,0,0,1,0,0,1,0,1,0,1,1,0,0,1
0.6119402985074627,0.48465454672176983,0.6666666666666666,1,0,0,1,0,0,1,0,0,1,1,0,1,0,1,0,0,1
0.40298507462686567,0.34743790996687796,0.0,1,0,0,0,0,1,1,0,1,0,0,1,0,1,0,1,1,0
0.6417910447761194,0.7039825693290522,0.3333333333333333,0,1,1,0,0,0,0,1,0,1,0,1,0,1,0,1,0,1
0.1791044776119403,0.15381394928884956,0.0,1,0,1,0,0,0,0,1,0,1,1,0,0,1,1,0,1,0
0.5970149253731343,0.4674583122789288,0.6666666666666666,1,0,0,0,0,1,0,1,0,1,0,1,1,0,1,0,0,1
0.47761194029850745,0.26988536371714916,1.0,1,0,0,0,0,1,1,0,1,0,0,1,0,1,1,0,0,1
0.1791044776119403,0.3610621557703853,1.0,0,1,1,0,0,0,1,0,1,0,1,0,0,1,1,0,1,0
0.16417910447761194,0.12002499600032314,0.3333333333333333,1,0,1,0,0,0,0,1,1,0,0,1,0,1,1,0,1,0
0.2537313432835821,0.18026567358518367,0.3333333333333333,0,1,1,0,0,0,0,1,1,0,0,1,0,1,1,0,0,1
0.6567164179104478,0.3011541245776579,0.0,0,1,1,0,0,0,0,1,1,0,1,0,0,1,0,1,0,1
0.26865671641791045,0.4224433352711306,0.3333333333333333,0,1,1,0,0,0,0,1,0,1,0,1,0,1,1,0,0,1
0.1044776119402985,0.1664941129508745,0.0,1,0,1,0,0,0,0,1,1,0,0,1,0,1,1,0,1,0
0.7164179104477612,0.2779655029851054,0.0,1,0,0,0,0,1,1,0,0,1,0,1,0,1,0,1,1,0
0.1791044776119403,0.17162161948104,0.0,0,1,0,0,1,0,0,1,0,1,0,1,1,0,0,1,1,0
0.5373134328358209,0.4131371564435982,0.6666666666666666,1,0,1,0,0,0,0,1,1,0,1,0,0,1,1,0,0,1
0.2835820895522388,0.31364262055659664,0.3333333333333333,0,1,0,0,0,1,0,1,0,1,1,0,0,1,0,1,0,1
0.14925373134328357,0.323381239693902,0.6666666666666666,1,0,1,0,0,0,1,0,1,0,0,1,0,1,0,1,1,0
0.5223880597014925,0.4728693602576267,0.0,1,0,0,1,0,0,1,0,1,0,1,0,0,1,1,0,0,1
0.6417910447761194,0.5950392918750327,0.6666666666666666,0,1,1,0,0,0,0,1,0,1,0,1,0,1,1,0,1,0
0.6417910447761194,0.5720439219960052,0.0,1,0,1,0,0,0,0,1,0,1,0,1,1,0,1,0,1,0
0.0,0.07881977060071188,0.0,1,0,1,0,0,0,0,1,1,0,0,1,0,1,1,0,1,0
0.05970149253731343,0.04648194759710503,0.3333333333333333,0,1,1,0,0,0,0,1,1,0,1,0,1,0,0,1,1,0
0.23880597014925373,0.40957625601733566,0.6666666666666666,0,1,0,0,0,1,0,1,0,1,0,1,0,1,0,1,0,1
0.2537313432835821,0.11264975027760132,0.6666666666666666,1,0,1,0,0,0,1,0,1,0,0,1,0,1,1,0,1,0
0.0,0.16370463534827284,0.0,1,0,0,1,0,0,0,1,0,1,1,0,0,1,1,0,1,0
0.5373134328358209,0.3436346528834899,0.3333333333333333,0,1,1,0,0,0,0,1,1,0,0,1,0,1,0,1,0,1
0.13432835820895522,0.10439061557006879,0.6666666666666666,1,0,1,0,0,0,0,1,0,1,0,1,0,1,1,0,1,0
0.3582089552238806,0.1660965213107535,0.0,0,1,1,0,0,0,0,1,0,1,1,0,0,1,0,1,0,1
0.373134328358209,0.4447052990570267,0.0,0,1,0,0,0,1,1,0,1,0,0,1,0,1,0,1,1,0
0.6865671641791045,0.46727931683935237,0.3333333333333333,1,0,1,0,0,0,0,1,1,0,0,1,0,1,1,0,0,1
0.373134328358209,0.43372796811663533,1.0,0,1,0,0,0,1,0,1,0,1,0,1,0,1,1,0,1,0
0.4626865671641791,0.659254301830664,0.0,0,1,0,1,0,0,0,1,0,1,0,1,1,0,1,0,1,0
0.07462686567164178,0.1271293725180223,0.0,0,1,1,0,0,0,0,1,1,0,1,0,0,1,1,0,1,0
0.07462686567164178,0.1214585435473728,0.0,0,1,1,0,0,0,1,0,1,0,0,1,0,1,1,0,0,1
0.1791044776119403,0.3012396622213493,0.6666666666666666,1,0,1,0,0,0,0,1,0,1,0,1,0,1,0,1,1,0
0.26865671641791045,0.5118998702679071,0.6666666666666666,0,1,0,0,0,1,1,0,1,0,0,1,0,1,1,0,0,1
0.23880597014925373,0.3218589864422835,1.0,0,1,1,0,0,0,0,1,0,1,1,0,1,0,0,1,1,0
0.4925373134328358,0.5081568063411906,0.0,1,0,1,0,0,0,0,1,0,1,1,0,0,1,1,0,1,0
0.26865671641791045,0.4532923280653761,0.6666666666666666,0,1,0,0,0,1,1,0,0,1,0,1,0,1,1,0,0,1
0.5671641791044776,0.605321233452822,0.3333333333333333,0,1,1,0,0,0,0,1,0,1,0,1,0,1,1,0,0,1
0.5373134328358209,0.6776892480765911,0.0,1,0,1,0,0,0,0,1,1,0,0,1,0,1,1,0,1,0
0.5671641791044776,0.26478795376531955,0.6666666666666666,1,0,0,0,0,1,0,1,1,0,0,1,1,0,1,0,1,0
0.11940298507462686,0.07967498863458161,1.0,0,1,1,0,0,0,0,1,1,0,0,1,0,1,0,1,1,0
0.31343283582089554,0.19413702813713268,0.0,0,1,0,0,0,1,1,0,0,1,1,0,1,0,1,0,0,1
0.6865671641791045,0.6455049176224971,1.0,1,0,0,1,0,0,0,1,0,1,0,1,0,1,1,0,0,1
0.417910447761194,0.38826629452511563,0.6666666666666666,0,1,0,1,0,0,1,0,1,0,0,1,1,0,0,1,1,0
0.6567164179104478,0.7896326791815632,0.3333333333333333,1,0,0,1,0,0,0,1,0,1,0,1,0,1,1,0,0,1
0.26865671641791045,0.25003587828943724,0.3333333333333333,1,0,0,0,0,1,0,1,1,0,0,1,1,0,0,1,0,1
0.2537313432835821,0.4437517127329119,0.3333333333333333,1,0,0,1,0,0,1,0,1,0,0,1,0,1,1,0,0,1
0.43283582089552236,0.6338923904761754,1.0,0,1,0,1,0,0,1,0,0,1,0,1,1,0,1,0,0,1
0.43283582089552236,0.5385163337298691,0.6666666666666666,0,1,1,0,0,0,0,1,1,0,1,0,0,1,1,0,0,1
0.2835820895522388,0.3206630434610432,0.0,1,0,0,0,0,1,0,1,0,1,0,1,0,1,1,0,1,0
0.44776119402985076,0.5954321314238374,0.0,1,0,1,0,0,0,0,1,1,0,0,1,0,1,1,0,1,0
0.34328358208955223,0.1438060449769603,1.0,0,1,0,0,0,1,0,1,0,1,0,1,0,1,1,0,1,0
0.13432835820895522,0.2587686380981497,0.0,1,0,0,1,0,0,1,0,0,1,0,1,0,1,1,0,0,1
0.373134328358209,0.2888034392468886,0.6666666666666666,0,1,1,0,0,0,1,0,1,0,1,0,0,1,1,0,1,0
0.6417910447761194,0.5796805327411172,1.0,0,1,0,1,0,0,0,1,1,0,0,1,0,1,0,1,1,0
0.5074626865671642,0.18536149950657452,0.6666666666666666,1,0,0,0,1,0,1,0,0,1,0,1,0,1,1,0,1,0
0.6865671641791045,0.49773705411523195,0.0,1,0,0,0,1,0,0,1,0,1,1,0,0,1,1,0,1,0
0.7164179104477612,0.8631316915385847,0.6666666666666666,1,0,0,0,0,1,0,1,0,1,0,1,0,1,0,1,0,1
0.5223880597014925,0.4169261572530378,0.3333333333333333,1,0,0,0,0,1,0,1,0,1,0,1,0,1,1,0,0,1
0.029850746268656716,0.143112239644797,0.6666666666666666,1,0,1,0,0,0,0,1,0,1,1,0,0,1,0,1,1,0
0.582089552238806,0.5415972729331967,0.0,1,0,1,0,0,0,1,0,1,0,0,1,0,1,1,0,0,1
0.7014925373134329,0.5886208005373031,0.0,1,0,0,1,0,0,0,1,1,0,0,1,0,1,1,0,1,0
0.6865671641791045,0.795956128692969,0.3333333333333333,1,0,1,0,0,0,1,0,1,0,0,1,0,1,1,0,0,1
0.5074626865671642,0.5081726466455779,1.0,0,1,1,0,0,0,0,1,1,0,0,1,0,1,1,0,1,0
0.43283582089552236,0.2815961007506721,0.0,1,0,1,0,0,0,0,1,1,0,1,0,0,1,1,0,1,0
0.14925373134328357,0.19366973915770766,0.3333333333333333,1,0,0,0,0,1,0,1,0,1,1,0,1,0,0,1,1,0
0.6865671641791045,0.6963491266448176,0.0,0,1,0,0,0,1,0,1,0,1,0,1,0,1,0,1,1,0
0.1044776119402985,0.22031946725888288,0.3333333333333333,0,1,1,0,0,0,0,1,1,0,0,1,0,1,1,0,0,1
0.5970149253731343,0.7316635012458399,0.0,0,1,0,0,1,0,0,1,1,0,0,1,1,0,0,1,0,1
0.23880597014925373,0.24112095498027092,0.6666666666666666,0,1,0,0,0,1,0,1,0,1,1,0,0,1,1,0,1,0
0.029850746268656716,0.21932628017379982,0.6666666666666666,1,0,1,0,0,0,1,0,1,0,0,1,0,1,1,0,1,0
0.6716417910447762,0.32818401998412805,0.0,0,1,0,1,0,0,0,1,0,1,0,1,1,0,1,0,1,0
0.1791044776119403,0.3679099193570104,1.0,1,0,0,0,1,0,0,1,0,1,0,1,0,1,1,0,1,0
0.5223880597014925,0.36716859311168526,0.3333333333333333,0,1,0,1,0,0,0,1,0,1,0,1,0,1,1,0,0,1
0.373134328358209,0.4976800290194377,0.6666666666666666,0,1,0,0,0,1,1,0,0,1,1,0,0,1,1,0,0,1
0.6716417910447762,0.7857518046066774,0.6666666666666666,0,1,0,0,0,1,0,1,1,0,0,1,1,0,0,1,0,1
0.22388059701492538,0.3127919962109992,0.3333333333333333,0,1,1,0,0,0,0,1,1,0,0,1,0,1,0,1,0,1
0.34328358208955223,0.29054112063817417,0.6666666666666666,0,1,0,1,0,0,1,0,0,1,1,0,1,0,1,0,1,0
0.029850746268656716,0.04957286619219675,0.6666666666666666,1,0,0,0,1,0,0,1,1,0,0,1,0,1,1,0,0,1
0.47761194029850745,0.3397474421868491,0.0,0,1,0,0,0,1,0,1,0,1,0,1,0,1,1,0,1,0
0.08955223880597014,0.24478164932417343,0.6666666666666666,0,1,0,1,0,0,0,1,0,1,0,1,0,1,1,0,1,0
0.6268656716417911,0.2612381415521281,0.0,1,0,0,0,0,1,0,1,1,0,1,0,0,1,1,0,0,1
0.3880597014925373,0.16317240112085996,0.3333333333333333,1,0,0,0,0,1,0,1,1,0,0,1,0,1,1,0,0,1
0.07462686567164178,0.2195702208613641,0.6666666666666666,0,1,1,0,0,0,0,1,0,1,0,1,0,1,1,0,1,0
0.3283582089552239,0.12613618543293928,0.0,1,0,1,0,0,0,0,1,1,0,1,0,1,0,1,0,1,0
0.4626865671641791,0.24860233074238758,1.0,1,0,0,0,0,1,1,0,1,0,1,0,0,1,1,0,1,0
0.04477611940298507,0.04015786447352373,0.3333333333333333,1,0,0,0,0,1,1,0,0,1,1,0,0,1,1,0,1,0
0.3283582089552239,0.315060327799259,0.0,1,0,1,0,0,0,0,1,1,0,1,0,1,0,1,0,1,0
0.11940298507462686,0.301878026488157,0.3333333333333333,0,1,0,1,0,0,0,1,1,0,1,0,0,1,0,1,0,1
0.029850746268656716,0.07248048078491875,0.3333333333333333,0,1,0,0,0,1,1,0,1,0,0,1,0,1,0,1,1,0
0.08955223880597014,0.056211696163953495,0.3333333333333333,0,1,1,0,0,0,1,0,1,0,1,0,1,0,0,1,1,0
0.2835820895522388,0.34362831676173494,0.0,1,0,0,0,0,1,1,0,0,1,0,1,0,1,1,0,1,0
0.5671641791044776,0.45946846274598013,0.0,0,1,1,0,0,0,0,1,1,0,1,0,0,1,1,0,1,0
0.5074626865671642,0.699531443796224,0.0,0,1,1,0,0,0,0,1,0,1,0,1,0,1,1,0,1,0
0.05970149253731343,0.2330439837731922,0.6666666666666666,0,1,1,0,0,0,0,1,1,0,1,0,0,1,1,0,1,0
0.2537313432835821,0.30623094213378405,1.0,0,1,1,0,0,0,0,1,0,1,0,1,0,1,1,0,1,0
0.23880597014925373,0.3482521016123846,0.3333333333333333,0,1,0,1,0,0,0,1,0,1,0,1,0,1,1,0,0,1
0.7313432835820896,0.5788663410956105,0.6666666666666666,1,0,0,0,0,1,0,1,1,0,0,1,0,1,1,0,0,1
0.5970149253731343,0.8130208886093956,0.0,1,0,1,0,0,0,1,0,1,0,0,1,0,1,1,0,0,1
0.3283582089552239,0.515511459668209,0.0,0,1,0,0,0,1,0,1,0,1,0,1,0,1,1,0,1,0
0.34328358208955223,0.3973554611825421,0.0,1,0,1,0,0,0,0,1,0,1,0,1,0,1,0,1,0,1
0.373134328358209,0.16221406270542896,0.0,0,1,1,0,0,0,0,1,1,0,1,0,1,0,1,0,0,1
0.6716417910447762,0.4921881954883645,0.6666666666666666,0,1,1,0,0,0,0,1,1,0,1,0,0,1,1,0,0,1
0.05970149253731343,0.2002339612958003,0.3333333333333333,1,0,1,0,0,0,0,1,1,0,0,1,0,1,0,1,0,1
0.6268656716417911,0.8180676095871858,0.0,0,1,0,1,0,0,1,0,1,0,0,1,0,1,1,0,0,1
0.7014925373134329,0.5178558247175278,0.0,1,0,1,0,0,0,1,0,0,1,0,1,0,1,0,1,1,0
0.44776119402985076,0.2138724633732562,0.6666666666666666,1,0,1,0,0,0,0,1,0,1,0,1,0,1,0,1,1,0
0.29850746268656714,0.38979488389848904,0.0,1,0,1,0,0,0,1,0,0,1,0,1,1,0,0,1,1,0
0.4626865671641791,0.4380745476405075,0.3333333333333333,0,1,0,1,0,0,0,1,0,1,0,1,0,1,0,1,0,1
0.029850746268656716,0.21006287016811317,0.0,1,0,1,0,0,0,0,1,1,0,1,0,1,0,0,1,0,1
0.44776119402985076,0.46563826130482927,0.3333333333333333,1,0,0,0,0,1,0,1,1,0,1,0,0,1,1,0,0,1
0.29850746268656714,0.47287569637938165,0.6666666666666666,0,1,1,0,0,0,0,1,0,1,1,0,0,1,0,1,1,0
0.34328358208955223,0.2658381659461968,0.0,1,0,1,0,0,0,0,1,1,0,1,0,0,1,1,0,1,0
0.7313432835820896,0.9205733873382111,0.6666666666666666,1,0,0,0,1,0,0,1,0,1,0,1,0,1,1,0,0,1
0.31343283582089554,0.15812092805175343,0.3333333333333333,0,1,1,0,0,0,0,1,0,1,0,1,1,0,1,0,1,0
0.6865671641791045,0.6971427258946209,1.0,1,0,0,1,0,0,0,1,1,0,0,1,0,1,1,0,0,1
0.34328358208955223,0.1779751655707816,0.0,0,1,1,0,0,0,0,1,0,1,1,0,0,1,0,1,0,1
0.5522388059701493,0.49386726775341716,0.6666666666666666,0,1,0,0,1,0,0,1,0,1,1,0,0,1,1,0,0,1
0.5074626865671642,0.20316283357701007,0.3333333333333333,0,1,1,0,0,0,0,1,1,0,0,1,1,0,0,1,0,1
0.1791044776119403,0.21840912654977582,0.0,1,0,1,0,0,0,1,0,1,0,1,0,0,1,0,1,0,1
0.5074626865671642,0.6923177691782526,0.6666666666666666,0,1,1,0,0,0,0,1,0,1,0,1,0,1,1,0,0,1
0.11940298507462686,0.15161848310077125,0.6666666666666666,0,1,1,0,0,0,1,0,1,0,1,0,0,1,0,1,1,0
0.11940298507462686,0.250352684377183,0.0,1,0,1,0,0,0,0,1,1,0,0,1,0,1,1,0,0,1
0.417910447761194,0.33365367708905896,0.3333333333333333,0,1,0,0,0,1,0,1,0,1,0,1,0,1,1,0,0,1
0.417910447761194,0.5799593220983335,0.0,1,0,0,0,0,1,0,1,1,0,0,1,0,1,0,1,1,0
0.5074626865671642,0.18949898701253445,0.0,0,1,1,0,0,0,0,1,1,0,1,0,0,1,1,0,1,0
0.2835820895522388,0.2217419265928614,1.0,0,1,1,0,0,0,1,0,0,1,1,0,0,1,1,0,1,0
0.05970149253731343,0.12277170478107906,0.3333333333333333,0,1,1,0,0,0,0,1,1,0,0,1,0,1,0,1,0,1
0.0,0.14849319104515912,0.0,0,1,1,0,0,0,1,0,0,1,1,0,0,1,0,1,0,1
0.6716417910447762,0.8616316147131083,0.0,0,1,1,0,0,0,1,0,0,1,0,1,0,1,1,0,0,1
0.1044776119402985,0.1575475090329336,0.0,1,0,1,0,0,0,0,1,1,0,0,1,0,1,0,1,1,0
0.7313432835820896,0.5489044053470532,0.0,0,1,1,0,0,0,0,1,0,1,0,1,0,1,1,0,1,0
0.13432835820895522,0.24960660604054172,0.0,0,1,1,0,0,0,1,0,1,0,0,1,1,0,1,0,0,1
0.6417910447761194,0.3082505809431634,0.0,0,1,1,0,0,0,1,0,0,1,1,0,1,0,1,0,0,1
0.5970149253731343,0.44526287777145923,0.3333333333333333,0,1,0,0,0,1,0,1,0,1,0,1,0,1,1,0,0,1
0.05970149253731343,0.14920283668170967,0.0,0,1,1,0,0,0,0,1,0,1,0,1,0,1,1,0,0,1
0.14925373134328357,0.12927731779293872,0.3333333333333333,0,1,0,0,0,1,1,0,1,0,1,0,0,1,1,0,0,1
0.07462686567164178,0.07619439855156258,0.0,0,1,1,0,0,0,0,1,1,0,0,1,0,1,1,0,1,0
0.13432835820895522,0.19952589968968845,0.0,0,1,0,0,1,0,0,1,1,0,0,1,0,1,1,0,1,0
0.13432835820895522,0.16065220869284227,0.0,1,0,0,0,1,0,0,1,0,1,1,0,0,1,1,0,1,0
0.3283582089552239,0.4238848029703739,1.0,1,0,1,0,0,0,0,1,0,1,0,1,0,1,0,1,1,0
0.31343283582089554,0.4226080744367584,0.0,0,1,0,0,0,1,1,0,0,1,0,1,1,0,1,0,0,1
0.2537313432835821,0.3735855004189761,0.0,1,0,1,0,0,0,0,1,0,1,0,1,0,1,1,0,1,0
0.2835820895522388,0.33656670906588143,0.6666666666666666,1,0,1,0,0,0,1,0,0,1,1,0,1,0,1,0,1,0
0.43283582089552236,0.5878319533788161,0.6666666666666666,0,1,1,0,0,0,0,1,1,0,0,1,0,1,1,0,0,1
0.3582089552238806,0.5432351604068424,0.3333333333333333,1,0,1,0,0,0,0,1,1,0,0,1,0,1,1,0,0,1
0.7313432835820896,0.6101018373169059,0.0,1,0,1,0,0,0,0,1,1,0,0,1,0,1,0,1,1,0
0.582089552238806,0.7105990644716229,1.0,0,1,0,1,0,0,0,1,1,0,0,1,0,1,1,0,0,1
0.43283582089552236,0.35514897014261027,0.0,1,0,0,1,0,0,1,0,0,1,0,1,0,1,1,0,0,1
0.7313432835820896,0.7201064151648738,0.6666666666666666,0,1,1,0,0,0,0,1,0,1,0,1,0,1,1,0,0,1
0.5671641791044776,0.31481005098993986,0.0,0,1,0,0,0,1,1,0,1,0,0,1,0,1,1,0,0,1
0.2835820895522388,0.36444406075707153,0.0,0,1,0,1,0,0,1,0,0,1,1,0,0,1,0,1,0,1
0.13432835820895522,0.11508440506192767,0.0,0,1,1,0,0,0,1,0,0,1,1,0,1,0,1,0,0,1
0.6119402985074627,0.3987826726078369,0.0,1,0,1,0,0,0,0,1,0,1,1,0,0,1,0,1,0,1
0.19402985074626866,0.37945750125534417,0.3333333333333333,0,1,1,0,0,0,1,0,1,0,1,0,0,1,0,1,1,0
0.19402985074626866,0.143264306566915,0.0,0,1,0,0,1,0,0,1,1,0,1,0,0,1,0,1,0,1
0.208955223880597,0.4021867540206653,0.0,1,0,0,0,0,1,0,1,0,1,0,1,0,1,1,0,1,0
0.582089552238806,0.5769670885995745,1.0,1,0,0,1,0,0,1,0,1,0,0,1,1,0,1,0,1,0
0.4626865671641791,0.18528546604551555,0.3333333333333333,1,0,1,0,0,0,1,0,1,0,0,1,0,1,0,1,0,1
0.7014925373134329,0.7483227493699519,0.6666666666666666,0,1,0,0,0,1,1,0,0,1,0,1,0,1,1,0,0,1
0.05970149253731343,0.20359052179546686,0.6666666666666666,1,0,1,0,0,0,0,1,1,0,0,1,0,1,0,1,1,0
0.11940298507462686,0.20676808685555703,0.6666666666666666,1,0,0,1,0,0,0,1,1,0,0,1,1,0,1,0,1,0
0.07462686567164178,0.12370469870949041,0.0,0,1,1,0,0,0,0,1,0,1,0,1,0,1,1,0,1,0
0.11940298507462686,0.09955773870150687,0.6666666666666666,1,0,0,1,0,0,0,1,0,1,1,0,1,0,1,0,1,0
0.6119402985074627,0.8081230664928457,0.0,1,0,1,0,0,0,1,0,0,1,0,1,0,1,1,0,0,1
0.7313432835820896,0.4791579610993805,0.3333333333333333,0,1,1,0,0,0,0,1,0,1,0,1,0,1,1,0,0,1
0.23880597014925373,0.23687416937403868,0.0,1,0,1,0,0,0,0,1,0,1,0,1,0,1,1,0,1,0
0.47761194029850745,0.36133777706672415,0.6666666666666666,0,1,0,1,0,0,0,1,0,1,0,1,1,0,1,0,1,0
0.417910447761194,0.5189234612332311,0.0,0,1,0,0,1,0,1,0,0,1,0,1,0,1,0,1,1,0
0.07462686567164178,0.041058702584028856,1.0,1,0,1,0,0,0,1,0,0,1,1,0,1,0,1,0,1,0
0.11940298507462686,0.2593087924777563,0.0,0,1,0,1,0,0,0,1,1,0,1,0,0,1,1,0,1,0
0.3283582089552239,0.24287606070638254,1.0,0,1,0,0,0,1,0,1,1,0,0,1,0,1,1,0,1,0
0.26865671641791045,0.2584835126191785,1.0,0,1,0,0,0,1,0,1,0,1,1,0,0,1,1,0,1,0
0.7014925373134329,0.8341106698706322,0.0,0,1,1,0,0,0,1,0,1,0,0,1,0,1,0,1,1,0
0.40298507462686567,0.4917399148742043,0.3333333333333333,1,0,0,0,0,1,0,1,0,1,0,1,0,1,0,1,0,1
0.07462686567164178,0.14693925718476608,0.6666666666666666,0,1,1,0,0,0,0,1,1,0,1,0,0,1,0,1,1,0
0.3582089552238806,0.20384396666566348,0.3333333333333333,1,0,0,0,0,1,0,1,1,0,1,0,1,0,1,0,0,1
0.04477611940298507,0.08894156670114574,1.0,1,0,0,1,0,0,1,0,1,0,0,1,0,1,0,1,1,0
0.6567164179104478,0.30490352462612924,0.0,1,0,1,0,0,0,1,0,0,1,1,0,0,1,1,0,0,1
0.4626865671641791,0.3339720672072435,0.6666666666666666,1,0,0,0,1,0,1,0,1,0,0,1,0,1,1,0,1,0
0.14925373134328357,0.2907771411735448,0.6666666666666666,1,0,0,0,0,1,0,1,1,0,1,0,0,1,0,1,1,0
0.29850746268656714,0.2610702343256228,1.0,1,0,0,0,0,1,1,0,1,0,1,0,0,1,0,1,1,0
0.26865671641791045,0.11330078678791891,0.0,0,1,0,0,0,1,1,0,1,0,1,0,1,0,1,0,1,0
0.05970149253731343,0.19271298477271542,0.0,0,1,0,0,1,0,0,1,1,0,0,1,0,1,1,0,1,0
0.3283582089552239,0.37807781074321123,0.3333333333333333,1,0,0,0,0,1,0,1,1,0,0,1,0,1,0,1,0,1
0.3283582089552239,0.26291721381718075,0.0,1,0,0,0,0,1,0,1,1,0,1,0,0,1,1,0,1,0
0.6268656716417911,0.6549045542459144,0.0,1,0,1,0,0,0,0,1,0,1,0,1,0,1,0,1,1,0
0.07462686567164178,0.22416866122499413,0.0,0,1,1,0,0,0,1,0,0,1,0,1,1,0,1,0,0,1
0.04477611940298507,0.204460154506329,0.3333333333333333,0,1,1,0,0,0,0,1,0,1,1,0,1,0,1,0,0,1
0.5970149253731343,0.44693086182344083,0.0,0,1,0,0,0,1,1,0,0,1,0,1,0,1,1,0,0,1
0.44776119402985076,0.4020568635246895,0.0,1,0,0,0,1,0,1,0,1,0,0,1,0,1,1,0,0,1
0.6716417910447762,0.46904709480897383,0.0,1,0,0,0,0,1,0,1,0,1,1,0,0,1,1,0,1,0
0.029850746268656716,0.1846756143266049,1.0,0,1,0,0,0,1,1,0,0,1,1,0,0,1,0,1,1,0
0.7313432835820896,0.8828322781050562,0.6666666666666666,1,0,0,0,1,0,1,0,1,0,0,1,0,1,0,1,0,1
0.6567164179104478,0.8138762650463092,0.0,1,0,1,0,0,0,1,0,0,1,0,1,0,1,1,0,0,1
0.26865671641791045,0.1302419923301246,0.0,0,1,0,0,0,1,0,1,1,0,0,1,0,1,1,0,1,0
0.19402985074626866,0.3705869307984623,0.3333333333333333,0,1,1,0,0,0,0,1,0,1,1,0,0,1,1,0,0,1
0.3582089552238806,0.3491565829928988,0.0,1,0,1,0,0,0,0,1,0,1,0,1,0,1,1,0,1,0
0.0,0.06887950438855633,0.0,0,1,0,1,0,0,0,1,0,1,1,0,0,1,0,1,0,1
0.417910447761194,0.3752328920752542,0.3333333333333333,1,0,0,0,1,0,1,0,1,0,0,1,0,1,0,1,0,1
0.1044776119402985,0.274859219294758,0.3333333333333333,0,1,0,0,0,1,0,1,0,1,0,1,0,1,1,0,0,1
0.7014925373134329,0.3083044379780802,0.0,1,0,0,1,0,0,1,0,1,0,0,1,1,0,0,1,1,0
0.3283582089552239,0.5062274572668188,0.3333333333333333,0,1,0,0,0,1,0,1,1,0,1,0,0,1,0,1,0,1
0.208955223880597,0.2742525356367248,0.3333333333333333,0,1,1,0,0,0,0,1,1,0,1,0,1,0,1,0,0,1
0.0,0.1678437068846715,0.0,1,0,1,0,0,0,0,1,1,0,0,1,0,1,1,0,1,0
0.6865671641791045,0.7809315999816253,0.3333333333333333,0,1,1,0,0,0,0,1,0,1,0,1,1,0,1,0,0,1
0.373134328358209,0.5411299839537718,1.0,1,0,1,0,0,0,0,1,1,0,0,1,0,1,0,1,1,0
0.05970149253731343,0.13820332931517615,1.0,1,0,1,0,0,0,0,1,1,0,0,1,0,1,1,0,1,0
0.1044776119402985,0.07083198030733359,0.0,0,1,0,0,0,1,0,1,1,0,1,0,1,0,1,0,1,0
0.31343283582089554,0.3114439863076409,0.3333333333333333,0,1,1,0,0,0,0,1,0,1,0,1,0,1,0,1,0,1
0.5970149253731343,0.3681190113749226,1.0,1,0,1,0,0,0,0,1,1,0,1,0,0,1,1,0,1,0
0.22388059701492538,0.14449985030912355,0.3333333333333333,0,1,1,0,0,0,0,1,1,0,0,1,1,0,1,0,1,0
0.5074626865671642,0.5092323630090876,0.3333333333333333,1,0,0,1,0,0,0,1,0,1,0,1,0,1,1,0,0,1
0.07462686567164178,0.13472163041085,0.0,0,1,1,0,0,0,1,0,1,0,0,1,0,1,1,0,0,1
0.3880597014925373,0.5423623596351027,0.0,1,0,1,0,0,0,1,0,0,1,0,1,1,0,1,0,0,1
0.4925373134328358,0.6543564797141143,0.6666666666666666,0,1,0,1,0,0,0,1,0,1,0,1,0,1,0,1,0,1
0.11940298507462686,0.252438852464989,0.0,1,0,0,0,0,1,0,1,1,0,0,1,0,1,1,0,1,0
0.3582089552238806,0.27691212274335064,0.0,0,1,0,0,0,1,0,1,1,0,0,1,1,0,0,1,1,0
0.23880597014925373,0.4361578708096455,0.0,0,1,0,0,0,1,0,1,0,1,0,1,0,1,0,1,1,0
0.5373134328358209,0.30998192621269416,0.6666666666666666,1,0,0,1,0,0,1,0,0,1,0,1,0,1,0,1,1,0
0.0,0.05742157861305463,0.6666666666666666,0,1,0,1,0,0,0,1,1,0,1,0,1,0,1,0,1,0
0.43283582089552236,0.19206828438415274,0.6666666666666666,1,0,1,0,0,0,1,0,0,1,1,0,0,1,1,0,1,0
0.08955223880597014,0.13707391561236243,0.0,1,0,1,0,0,0,0,1,1,0,0,1,0,1,1,0,1,0
0.014925373134328358,0.04986860467510744,0.3333333333333333,1,0,1,0,0,0,0,1,0,1,0,1,0,1,0,1,1,0
0.2835820895522388,0.16371572356134395,0.0,1,0,0,0,0,1,0,1,1,0,0,1,1,0,1,0,1,0
0.40298507462686567,0.3836076610048139,0.0,1,0,0,0,0,1,0,1,1,0,0,1,1,0,1,0,1,0
0.4626865671641791,0.5773488399353083,1.0,0,1,0,1,0,0,0,1,1,0,0,1,0,1,0,1,1,0
0.7313432835820896,0.8297767625902699,1.0,1,0,0,1,0,0,1,0,1,0,0,1,0,1,1,0,0,1
0.2537313432835821,0.10306636612329141,0.0,1,0,0,1,0,0,0,1,1,0,1,0,0,1,1,0,1,0
0.6716417910447762,0.7461272831818737,0.6666666666666666,0,1,1,0,0,0,1,0,0,1,0,1,0,1,1,0,0,1
0.29850746268656714,0.33687876306231107,0.0,0,1,0,1,0,0,1,0,0,1,0,1,0,1,1,0,0,1
0.44776119402985076,0.3274062610387122,0.6666666666666666,0,1,0,0,0,1,1,0,0,1,0,1,0,1,1,0,1,0
0.14925373134328357,0.10940090384776835,0.3333333333333333,1,0,1,0,0,0,1,0,1,0,0,1,0,1,1,0,1,0
0.417910447761194,0.40621652745679165,0.0,0,1,0,0,0,1,0,1,1,0,0,1,0,1,1,0,1,0
0.7164179104477612,0.5010635180365627,0.3333333333333333,0,1,1,0,0,0,1,0,1,0,0,1,0,1,1,0,0,1
0.6417910447761194,0.40782748641297895,0.6666666666666666,1,0,0,0,0,1,1,0,0,1,1,0,0,1,1,0,0,1
0.0,0.17575910698699984,0.6666666666666666,1,0,0,1,0,0,1,0,0,1,0,1,0,1,1,0,1,0
0.5373134328358209,0.20628020548042855,0.0,1,0,0,0,0,1,0,1,0,1,0,1,1,0,1,0,1,0
0.40298507462686567,0.5958186348508874,0.0,0,1,0,1,0,0,1,0,0,1,0,1,0,1,0,1,1,0
0.6268656716417911,0.2708041013716119,0.6666666666666666,0,1,1,0,0,0,1,0,0,1,0,1,0,1,1,0,1,0
0.40298507462686567,0.5175802034211889,0.3333333333333333,1,0,0,0,0,1,1,0,1,0,0,1,0,1,0,1,0,1
0.19402985074626866,0.2876217525395968,0.6666666666666666,1,0,1,0,0,0,1,0,1,0,0,1,1,0,1,0,1,0
0.31343283582089554,0.26828866103491045,0.0,0,1,0,0,1,0,1,0,0,1,0,1,0,1,0,1,1,0
0.5223880597014925,0.5241428415288428,0.6666666666666666,0,1,1,0,0,0,1,0,0,1,0,1,0,1,1,0,0,1
0.2537313432835821,0.28304548860210904,0.0,0,1,0,1,0,0,0,1,0,1,1,0,1,0,0,1,0,1
0.1044776119402985,0.09550895690011581,0.3333333333333333,1,0,0,0,0,1,0,1,0,1,0,1,1,0,0,1,1,0
0.208955223880597,0.3011778850342388,0.0,0,1,0,0,0,1,1,0,1,0,0,1,0,1,1,0,0,1
0.26865671641791045,0.3719444448844529,0.0,0,1,0,0,1,0,0,1,1,0,0,1,0,1,1,0,1,0
0.08955223880597014,0.0705051948278238,0.0,1,0,0,0,0,1,1,0,1,0,1,0,0,1,1,0,0,1
0.31343283582089554,0.4726444279353273,0.3333333333333333,0,1,1,0,0,0,0,1,1,0,0,1,1,0,0,1,0,1
0.08955223880597014,0.25747131716883076,0.0,0,1,1,0,0,0,0,1,1,0,1,0,0,1,0,1,0,1
0.582089552238806,0.7260401931883523,0.3333333333333333,1,0,0,1,0,0,1,0,1,0,0,1,1,0,0,1,0,1
0.13432835820895522,0.21450449151830905,1.0,1,0,0,0,0,1,0,1,1,0,1,0,0,1,1,0,1,0
0.7164179104477612,0.7564646658250186,1.0,1,0,0,1,0,0,0,1,0,1,0,1,0,1,1,0,0,1
0.0,0.10434309465690693,0.6666666666666666,1,0,1,0,0,0,0,1,1,0,0,1,0,1,0,1,1,0
0.22388059701492538,0.3885229074561897,0.0,1,0,0,0,0,1,0,1,1,0,0,1,1,0,1,0,1,0
0.44776119402985076,0.20349706399958184,0.6666666666666666,0,1,0,0,1,0,0,1,1,0,0,1,0,1,1,0,1,0
0.07462686567164178,0.25388507225554846,0.3333333333333333,1,0,0,0,1,0,0,1,1,0,1,0,0,1,1,0,0,1
0.3880597014925373,0.3433210148566215,0.3333333333333333,0,1,0,0,0,1,0,1,1,0,0,1,1,0,0,1,0,1
0.31343283582089554,0.3466870795389204,0.6666666666666666,0,1,1,0,0,0,0,1,1,0,1,0,1,0,0,1,1,0
0.7014925373134329,0.5237864346801289,0.3333333333333333,0,1,1,0,0,0,0,1,0,1,0,1,1,0,0,1,1,0
0.6268656716417911,0.5154417623289049,0.6666666666666666,0,1,0,0,1,0,0,1,0,1,0,1,0,1,0,1,0,1
0.029850746268656716,0.20862298649930858,0.0,0,1,1,0,0,0,0,1,1,0,1,0,0,1,0,1,0,1
0.40298507462686567,0.37780218944687244,0.0,1,0,0,0,1,0,0,1,1,0,0,1,0,1,1,0,1,0
0.7164179104477612,0.6863903272765289,0.3333333333333333,0,1,0,1,0,0,0,1,0,1,0,1,1,0,1,0,0,1
0.6865671641791045,0.761761663612128,0.0,0,1,1,0,0,0,0,1,0,1,0,1,0,1,1,0,1,0
0.4925373134328358,0.22814140956532622,0.0,1,0,1,0,0,0,0,1,1,0,0,1,0,1,1,0,1,0
0.23880597014925373,0.29500808647538973,0.6666666666666666,0,1,0,1,0,0,0,1,0,1,0,1,0,1,1,0,1,0
0.7014925373134329,0.5918569747236263,0.3333333333333333,1,0,0,0,0,1,0,1,1,0,0,1,0,1,1,0,0,1
0.47761194029850745,0.5501510373023328,0.0,0,1,0,1,0,0,0,1,0,1,0,1,1,0,0,1,1,0
0.7164179104477612,0.6363935745389284,0.0,1,0,1,0,0,0,0,1,1,0,0,1,1,0,1,0,1,0
0.6716417910447762,0.5214103890220355,0.0,0,1,1,0,0,0,0,1,1,0,0,1,1,0,0,1,1,0
0.5223880597014925,0.3014059854174158,0.3333333333333333,1,0,1,0,0,0,1,0,1,0,1,0,0,1,1,0,0,1
0.22388059701492538,0.414903350382781,0.0,1,0,1,0,0,0,1,0,0,1,1,0,0,1,0,1,0,1
0.29850746268656714,0.3074617337846764,0.0,0,1,0,0,0,1,0,1,1,0,0,1,0,1,0,1,1,0
0.5671641791044776,0.310368429639744,0.3333333333333333,1,0,0,1,0,0,1,0,1,0,0,1,0,1,0,1,1,0
0.44776119402985076,0.6026093733417182,0.3333333333333333,0,1,0,0,0,1,1,0,0,1,0,1,0,1,1,0,0,1
0.4626865671641791,0.3989268193777612,0.0,1,0,0,0,1,0,0,1,0,1,1,0,0,1,0,1,0,1
0.5373134328358209,0.7155364873491409,0.6666666666666666,1,0,0,1,0,0,0,1,1,0,0,1,0,1,0,1,0,1
0.34328358208955223,0.283571386707767,0.0,1,0,0,0,1,0,0,1,1,0,1,0,0,1,1,0,1,0
0.014925373134328358,0.07252515044329091,0.0,0,1,0,1,0,0,1,0,1,0,0,1,0,1,1,0,0,1
0.5074626865671642,0.46316083769865724,1.0,1,0,1,0,0,0,1,0,0,1,1,0,0,1,1,0,1,0
0.5074626865671642,0.2816103570246206,0.3333333333333333,1,0,1,0,0,0,0,1,0,1,0,1,1,0,1,0,0,1
0.6865671641791045,0.7382625720535847,0.6666666666666666,1,0,0,0,0,1,1,0,0,1,0,1,0,1,1,0,0,1
0.5671641791044776,0.2360948263981841,1.0,0,1,0,0,0,1,0,1,1,0,0,1,0,1,0,1,1,0
0.5671641791044776,0.3898439888420896,0.6666666666666666,0,1,0,0,0,1,0,1,1,0,1,0,0,1,1,0,1,0
0.014925373134328358,0.11935336709430208,0.0,1,0,0,0,0,1,0,1,1,0,0,1,0,1,1,0,1,0
0.5671641791044776,0.7331699141930712,0.3333333333333333,1,0,0,0,0,1,0,1,0,1,0,1,1,0,1,0,0,1
0.13432835820895522,0.19563710496260897,0.6666666666666666,0,1,1,0,0,0,0,1,0,1,0,1,1,0,1,0,0,1
0.6119402985074627,0.3936741744429361,0.3333333333333333,1,0,1,0,0,0,1,0,0,1,1,0,0,1,1,0,0,1
0.5671641791044776,0.6769510898921434,0.0,0,1,1,0,0,0,0,1,0,1,0,1,0,1,0,1,1,0
0.04477611940298507,0.09927578128341315,0.0,0,1,0,0,0,1,0,1,1,0,0,1,0,1,0,1,1,0
0.6865671641791045,0.4603127509698227,1.0,0,1,1,0,0,0,0,1,1,0,0,1,1,0,0,1,1,0
0.6567164179104478,0.6630147900922064,0.0,0,1,1,0,0,0,0,1,1,0,0,1,0,1,1,0,1,0
0.3880597014925373,0.5296917001557102,0.6666666666666666,1,0,1,0,0,0,1,0,1,0,0,1,0,1,1,0,0,1
0.08955223880597014,0.043436490675604816,0.0,1,0,1,0,0,0,1,0,1,0,1,0,1,0,1,0,0,1
0.5074626865671642,0.3706566281377663,0.0,1,0,1,0,0,0,0,1,1,0,1,0,0,1,1,0,1,0
0.7313432835820896,0.6682135779921147,0.6666666666666666,1,0,0,0,1,0,0,1,1,0,0,1,0,1,1,0,0,1
0.34328358208955223,0.2511019307747018,0.0,0,1,1,0,0,0,0,1,0,1,0,1,0,1,1,0,1,0
0.5970149253731343,0.44653960630507483,0.3333333333333333,1,0,0,0,0,1,1,0,1,0,1,0,1,0,0,1,0,1
0.3283582089552239,0.31378518329608224,0.6666666666666666,0,1,1,0,0,0,1,0,1,0,1,0,0,1,1,0,1,0
0.014925373134328358,0.20548977429150278,0.0,0,1,0,0,1,0,0,1,1,0,1,0,0,1,0,1,0,1
0.029850746268656716,0.07754795256145641,1.0,1,0,1,0,0,0,0,1,1,0,1,0,0,1,1,0,1,0
0.5671641791044776,0.34101941862914836,0.0,1,0,0,0,0,1,1,0,0,1,0,1,0,1,1,0,0,1
0.417910447761194,0.4367059453414457,0.6666666666666666,1,0,1,0,0,0,0,1,0,1,0,1,0,1,1,0,1,0
0.1791044776119403,0.15194637740158815,0.3333333333333333,0,1,1,0,0,0,0,1,1,0,1,0,0,1,1,0,1,0
0.3283582089552239,0.4723989032173243,0.3333333333333333,1,0,0,0,0,1,0,1,0,1,0,1,0,1,1,0,0,1
0.26865671641791045,0.34700705368754364,0.0,1,0,0,0,0,1,0,1,1,0,1,0,0,1,1,0,1,0
0.582089552238806,0.5264381016345611,1.0,1,0,1,0,0,0,1,0,0,1,1,0,0,1,0,1,1,0
0.4626865671641791,0.1690935069008286,0.0,0,1,1,0,0,0,1,0,1,0,1,0,0,1,1,0,1,0
0.6417910447761194,0.3982805349587598,0.3333333333333333,0,1,1,0,0,0,1,0,0,1,1,0,1,0,1,0,0,1
0.16417910447761194,0.15251029223777568,0.0,0,1,1,0,0,0,1,0,0,1,1,0,0,1,1,0,0,1
0.44776119402985076,0.1729617092322046,0.0,1,0,1,0,0,0,0,1,1,0,0,1,1,0,1,0,1,0
0.5671641791044776,0.6221135401337873,0.0,1,0,1,0,0,0,0,1,1,0,0,1,0,1,1,0,1,0
0.3283582089552239,0.2721822078533061,0.0,0,1,0,0,0,1,1,0,0,1,1,0,0,1,1,0,0,1
0.5970149253731343,0.5264381016345611,1.0,1,0,0,0,0,1,0,1,0,1,0,1,1,0,1,0,1,0
0.6268656716417911,0.26990278805197526,0.6666666666666666,1,0,1,0,0,0,0,1,0,1,0,1,1,0,0,1,1,0
0.5970149253731343,0.32400217962588373,0.0,1,0,0,0,1,0,1,0,0,1,1,0,1,0,0,1,0,1
0.7313432835820896,0.29259719214764435,1.0,1,0,0,0,0,1,0,1,0,1,1,0,1,0,0,1,1,0
0.3283582089552239,0.32875585497250914,0.0,0,1,0,1,0,0,0,1,0,1,0,1,1,0,1,0,1,0
0.44776119402985076,0.46202983996540475,0.6666666666666666,0,1,1,0,0,0,0,1,1,0,0,1,0,1,1,0,0,1
0.6865671641791045,0.8305117527138401,0.3333333333333333,1,0,1,0,0,0,1,0,1,0,0,1,0,1,1,0,0,1
0.373134328358209,0.5234522042575571,0.0,0,1,0,0,0,1,0,1,0,1,0,1,1,0,0,1,1,0
0.23880597014925373,0.22916310919830638,0.0,1,0,0,1,0,0,1,0,1,0,1,0,0,1,0,1,0,1
0.11940298507462686,0.23046993431025772,1.0,0,1,0,1,0,0,1,0,0,1,1,0,1,0,0,1,1,0
0.44776119402985076,0.5319837922005509,0.0,0,1,1,0,0,0,0,1,0,1,1,0,0,1,1,0,1,0
0.2537313432835821,0.2493278166833254,0.0,0,1,1,0,0,0,1,0,1,0,1,0,1,0,0,1,0,1
0.08955223880597014,0.14019287154621962,1.0,1,0,1,0,0,0,0,1,1,0,0,1,0,1,1,0,0,1
0.43283582089552236,0.5003126876086051,1.0,0,1,0,0,1,0,0,1,0,1,0,1,0,1,1,0,0,1
0.5074626865671642,0.6469479693521791,0.3333333333333333,0,1,0,0,1,0,1,0,1,0,0,1,0,1,1,0,0,1
0.19402985074626866,0.27479902613808627,0.0,0,1,0,0,1,0,1,0,1,0,0,1,0,1,1,0,0,1
0.34328358208955223,0.2688066389883748,0.3333333333333333,1,0,0,0,1,0,0,1,0,1,1,0,1,0,1,0,0,1
0.07462686567164178,0.09597307781866336,0.6666666666666666,0,1,0,0,1,0,0,1,1,0,0,1,1,0,1,0,1,0
0.13432835820895522,0.20820955455480034,0.3333333333333333,1,0,1,0,0,0,1,0,0,1,1,0,0,1,0,1,0,1
0.05970149253731343,0.03627413864384818,0.0,0,1,1,0,0,0,1,0,0,1,0,1,0,1,0,1,1,0
0.7313432835820896,0.8407683498046099,0.6666666666666666,1,0,1,0,0,0,1,0,0,1,0,1,0,1,1,0,0,1
0.11940298507462686,0.18223303939008492,0.0,1,0,1,0,0,0,0,1,0,1,1,0,0,1,1,0,0,1
0.5970149253731343,0.6565376896282439,0.0,1,0,0,0,1,0,0,1,1,0,0,1,0,1,1,0,1,0
0.13432835820895522,0.2383093009515271,0.0,0,1,0,1,0,0,0,1,1,0,0,1,0,1,0,1,1,0
0.26865671641791045,0.11910309028498293,0.3333333333333333,0,1,1,0,0,0,1,0,1,0,0,1,1,0,0,1,1,0
0.19402985074626866,0.28250058213118623,0.3333333333333333,0,1,0,1,0,0,0,1,0,1,1,0,1,0,1,0,0,1
0.14925373134328357,0.3276597059089088,0.6666666666666666,1,0,0,0,0,1,0,1,0,1,0,1,1,0,1,0,0,1
0.582089552238806,0.26292354993893563,0.0,0,1,0,0,0,1,0,1,1,0,0,1,0,1,0,1,1,0
0.6865671641791045,0.6959705433699614,0.0,0,1,1,0,0,0,0,1,0,1,0,1,0,1,0,1,1,0
0.4626865671641791,0.576963920538697,0.3333333333333333,0,1,1,0,0,0,1,0,1,0,0,1,1,0,1,0,0,1
0.05970149253731343,0.10132710070156709,0.3333333333333333,0,1,1,0,0,0,0,1,0,1,1,0,0,1,1,0,1,0
0.5970149253731343,0.6166058662983268,0.0,1,0,1,0,0,0,0,1,0,1,0,1,0,1,1,0,1,0
0.029850746268656716,0.19365231482288164,0.3333333333333333,0,1,0,0,0,1,1,0,0,1,1,0,0,1,1,0,0,1
0.3880597014925373,0.4035236757109525,0.0,1,0,0,1,0,0,0,1,1,0,0,1,0,1,1,0,1,0
0.7014925373134329,0.3936646702603037,1.0,1,0,0,0,0,1,0,1,1,0,0,1,1,0,1,0,1,0
0.5223880597014925,0.43038407986047866,0.6666666666666666,1,0,1,0,0,0,0,1,0,1,1,0,1,0,1,0,0,1
0.23880597014925373,0.19474846388648206,0.3333333333333333,1,0,1,0,0,0,0,1,0,1,1,0,0,1,0,1,0,1
0.2537313432835821,0.36194604475519604,0.6666666666666666,0,1,0,1,0,0,1,0,1,0,0,1,0,1,0,1,1,0
0.44776119402985076,0.3786844944012444,0.0,0,1,0,0,0,1,0,1,1,0,0,1,1,0,0,1,1,0
0.6865671641791045,0.8451291856024307,0.3333333333333333,1,0,0,0,0,1,0,1,0,1,0,1,0,1,1,0,0,1
0.417910447761194,0.18747142805096143,0.0,0,1,0,0,0,1,1,0,0,1,0,1,0,1,0,1,1,0
0.3582089552238806,0.36629579233994564,0.0,1,0,0,1,0,0,0,1,1,0,1,0,0,1,0,1,0,1
0.43283582089552236,0.28550548787345503,0.0,0,1,1,0,0,0,0,1,0,1,0,1,1,0,1,0,1,0
0.07462686567164178,0.1064894559013846,0.6666666666666666,0,1,0,0,0,1,1,0,0,1,0,1,0,1,0,1,1,0
0.2537313432835821,0.18161368348854193,0.0,0,1,1,0,0,0,0,1,0,1,1,0,1,0,0,1,0,1
0.6865671641791045,0.4182076378779695,0.3333333333333333,1,0,1,0,0,0,1,0,0,1,0,1,1,0,0,1,0,1
0.0,0.11251510769030937,0.3333333333333333,1,0,0,0,1,0,0,1,1,0,1,0,0,1,1,0,1,0
0.014925373134328358,0.16478494410748595,0.3333333333333333,0,1,1,0,0,0,0,1,0,1,1,0,0,1,1,0,1,0
0.3283582089552239,0.3865096047685652,0.3333333333333333,0,1,1,0,0,0,0,1,1,0,0,1,1,0,0,1,0,1
0.43283582089552236,0.6283514520015017,0.0,0,1,1,0,0,0,0,1,0,1,0,1,0,1,1,0,1,0
0.373134328358209,0.4952754708134472,0.0,1,0,0,1,0,0,0,1,0,1,0,1,0,1,1,0,1,0
0.29850746268656714,0.4480998762872228,0.0,0,1,0,0,0,1,1,0,0,1,1,0,0,1,0,1,0,1
0.04477611940298507,0.17080425977465583,0.0,1,0,0,1,0,0,0,1,1,0,0,1,0,1,1,0,0,1
0.3283582089552239,0.425321518578301,0.0,0,1,0,1,0,0,0,1,0,1,0,1,0,1,1,0,1,0
0.5074626865671642,0.6131035749982972,0.0,1,0,0,0,0,1,0,1,1,0,0,1,0,1,1,0,1,0
0.2537313432835821,0.40844684231452194,0.6666666666666666,1,0,0,0,0,1,0,1,1,0,1,0,0,1,1,0,0,1
0.5223880597014925,0.6962984376707783,1.0,0,1,0,1,0,0,0,1,0,1,0,1,1,0,1,0,0,1
0.29850746268656714,0.4601163311954203,0.0,1,0,0,1,0,0,1,0,0,1,0,1,0,1,1,0,0,1
0.3582089552238806,0.3789696198802156,1.0,0,1,1,0,0,0,0,1,0,1,1,0,1,0,1,0,1,0
0.373134328358209,0.5310587184243333,0.0,0,1,0,0,0,1,1,0,0,1,0,1,1,0,0,1,1,0
0.6119402985074627,0.3489760035228837,0.0,1,0,1,0,0,0,1,0,1,0,1,0,0,1,1,0,0,1
0.6119402985074627,0.7329323096272619,0.0,1,0,0,1,0,0,1,0,0,1,0,1,0,1,0,1,1,0
0.08955223880597014,0.17959721274004004,0.0,0,1,1,0,0,0,1,0,1,0,0,1,0,1,0,1,1,0
0.13432835820895522,0.10854077531953854,0.0,1,0,1,0,0,0,0,1,0,1,0,1,0,1,1,0,1,0
0.208955223880597,0.13073620982700804,0.0,1,0,0,0,0,1,0,1,0,1,0,1,0,1,0,1,1,0
0.7014925373134329,0.8956169877760372,0.0,1,0,1,0,0,0,0,1,1,0,0,1,0,1,1,0,1,0
0.0,0.13758872550494933,0.3333333333333333,0,1,0,0,1,0,1,0,1,0,0,1,0,1,1,0,1,0
0.7164179104477612,0.664495858552418,0.3333333333333333,0,1,0,0,0,1,0,1,1,0,0,1,0,1,1,0,0,1
0.34328358208955223,0.29243403701245524,0.0,0,1,1,0,0,0,0,1,0,1,1,0,0,1,0,1,0,1
0.6865671641791045,0.3095178052941465,0.0,1,0,0,0,1,0,0,1,0,1,0,1,1,0,0,1,1,0
0.07462686567164178,0.20649088152877948,0.0,1,0,1,0,0,0,0,1,0,1,1,0,0,1,0,1,0,1
0.16417910447761194,0.16194160946996758,0.6666666666666666,1,0,0,1,0,0,0,1,0,1,1,0,0,1,1,0,1,0
0.14925373134328357,0.24617084401893868,0.0,0,1,0,0,0,1,1,0,0,1,0,1,0,1,1,0,0,1
0.582089552238806,0.3707817665424259,0.6666666666666666,1,0,0,0,0,1,0,1,0,1,0,1,0,1,0,1,1,0
0.29850746268656714,0.26710380626674124,0.0,0,1,1,0,0,0,0,1,1,0,1,0,0,1,1,0,1,0
0.23880597014925373,0.12349085460026202,1.0,1,0,0,0,1,0,1,0,1,0,0,1,0,1,1,0,0,1
0.373134328358209,0.15991088244751708,0.0,0,1,0,0,1,0,0,1,1,0,1,0,0,1,1,0,0,1
0.6716417910447762,0.5132336238973167,1.0,0,1,0,0,0,1,1,0,0,1,0,1,0,1,1,0,1,0
0.6567164179104478,0.5782881699854745,0.0,1,0,1,0,0,0,0,1,1,0,0,1,0,1,0,1,1,0
0.4925373134328358,0.32248626249602014,0.0,1,0,1,0,0,0,0,1,0,1,0,1,0,1,1,0,1,0
0.6417910447761194,0.25543425402462533,0.6666666666666666,0,1,1,0,0,0,0,1,0,1,0,1,1,0,1,0,1,0
0.34328358208955223,0.36026222039882716,0.0,1,0,0,0,0,1,1,0,1,0,0,1,0,1,1,0,0,1
0.19402985074626866,0.2798013942635922,0.3333333333333333,1,0,0,0,0,1,1,0,0,1,0,1,0,1,0,1,0,1
0.22388059701492538,0.11348453431881148,0.6666666666666666,1,0,0,0,0,1,0,1,1,0,0,1,0,1,0,1,1,0
0.373134328358209,0.3341114618858516,0.3333333333333333,0,1,0,1,0,0,1,0,1,0,1,0,0,1,1,0,0,1
0.3283582089552239,0.3548765169071489,0.0,0,1,1,0,0,0,0,1,1,0,0,1,0,1,0,1,1,0
0.43283582089552236,0.29024173888525445,0.6666666666666666,0,1,0,0,0,1,0,1,1,0,0,1,0,1,0,1,1,0
0.417910447761194,0.6079713163768156,0.3333333333333333,0,1,0,0,0,1,1,0,0,1,0,1,0,1,1,0,0,1
0.1791044776119403,0.10331030681085569,0.6666666666666666,0,1,0,1,0,0,0,1,1,0,1,0,0,1,0,1,1,0
0.43283582089552236,0.6279792048484004,0.6666666666666666,0,1,1,0,0,0,1,0,0,1,0,1,0,1,1,0,0,1
0.3880597014925373,0.43954135982677045,0.0,0,1,0,1,0,0,1,0,1,0,0,1,0,1,0,1,1,0
0.07462686567164178,0.18041457244642414,0.0,0,1,0,1,0,0,0,1,0,1,0,1,1,0,1,0,1,0
0.14925373134328357,0.25614548369161466,0.3333333333333333,1,0,1,0,0,0,0,1,0,1,0,1,0,1,1,0,0,1
0.6865671641791045,0.7112786135298377,0.0,1,0,1,0,0,0,0,1,0,1,0,1,0,1,0,1,1,0
0.2537313432835821,0.26310096134807326,0.0,1,0,0,0,0,1,0,1,1,0,0,1,1,0,0,1,1,0
0.014925373134328358,0.18393270405084108,0.3333333333333333,0,1,0,1,0,0,0,1,1,0,1,0,0,1,1,0,0,1
0.13432835820895522,0.1425673331738743,1.0,1,0,0,0,0,1,0,1,1,0,0,1,1,0,1,0,1,0
0.13432835820895522,0.24386291166971066,0.6666666666666666,0,1,1,0,0,0,0,1,1,0,0,1,1,0,1,0,0,1
0.5970149253731343,0.42225641967936056,0.3333333333333333,1,0,1,0,0,0,0,1,0,1,0,1,1,0,0,1,0,1
0.417910447761194,0.19222193533670945,0.3333333333333333,1,0,0,0,0,1,1,0,0,1,0,1,0,1,1,0,0,1
0.6417910447761194,0.3602416280031237,0.0,1,0,0,0,0,1,0,1,0,1,0,1,1,0,0,1,0,1
0.6119402985074627,0.5692322679672613,0.0,0,1,1,0,0,0,1,0,1,0,0,1,0,1,1,0,0,1
0.43283582089552236,0.6134789902122759,1.0,1,0,0,1,0,0,0,1,1,0,0,1,0,1,1,0,1,0
0.3880597014925373,0.5297899100429114,0.0,0,1,1,0,0,0,0,1,1,0,1,0,1,0,0,1,0,1
0.47761194029850745,0.569596594968169,0.6666666666666666,0,1,0,0,0,1,1,0,0,1,0,1,0,1,0,1,0,1
0.6865671641791045,0.6585399041027973,0.0,0,1,1,0,0,0,1,0,1,0,0,1,0,1,1,0,0,1
0.4925373134328358,0.614372383379719,0.0,1,0,0,0,0,1,1,0,1,0,0,1,0,1,0,1,1,0
0.417910447761194,0.22014839197150016,0.0,1,0,0,0,0,1,0,1,0,1,1,0,0,1,1,0,0,1
0.31343283582089554,0.36039211089480294,1.0,1,0,1,0,0,0,0,1,0,1,0,1,1,0,1,0,1,0
0.5970149253731343,0.4434190663407789,0.3333333333333333,1,0,1,0,0,0,1,0,0,1,1,0,0,1,1,0,0,1
0.208955223880597,0.337574152424913,0.0,1,0,0,0,0,1,0,1,0,1,1,0,1,0,1,0,1,0
0.05970149253731343,0.16305993495971022,0.0,1,0,1,0,0,0,1,0,0,1,0,1,0,1,0,1,1,0
0.6716417910447762,0.8679122954026685,0.3333333333333333,1,0,1,0,0,0,0,1,0,1,0,1,0,1,1,0,0,1
0.2537313432835821,0.3745295825604585,0.0,1,0,0,0,0,1,0,1,0,1,0,1,0,1,1,0,1,0
0.6119402985074627,0.28767244151363613,0.0,1,0,1,0,0,0,0,1,1,0,1,0,1,0,0,1,0,1
0.05970149253731343,0.1042480528305832,0.0,1,0,0,0,1,0,1,0,0,1,0,1,0,1,1,0,0,1
0.6268656716417911,0.7190815474710163,0.6666666666666666,0,1,0,0,1,0,1,0,1,0,0,1,0,1,0,1,0,1
0.07462686567164178,0.09822715313297459,0.6666666666666666,1,0,0,1,0,0,0,1,0,1,0,1,0,1,1,0,0,1
0.16417910447761194,0.13168979615112283,0.0,1,0,0,0,0,1,0,1,1,0,0,1,1,0,1,0,1,0
0.3880597014925373,0.17542487656442807,1.0,0,1,1,0,0,0,0,1,1,0,0,1,0,1,1,0,1,0
0.6716417910447762,0.6166438830288563,0.0,1,0,0,0,0,1,0,1,0,1,0,1,0,1,0,1,1,0
0.1044776119402985,0.15034175456715576,1.0,1,0,0,1,0,0,1,0,1,0,0,1,0,1,1,0,1,0
0.2835820895522388,0.4573442779276447,0.0,0,1,1,0,0,0,1,0,0,1,0,1,1,0,1,0,0,1
0.44776119402985076,0.18451245919141585,0.3333333333333333,1,0,1,0,0,0,0,1,1,0,0,1,0,1,1,0,0,1
0.2537313432835821,0.24153913901609533,0.0,1,0,0,0,0,1,1,0,1,0,0,1,1,0,1,0,0,1
0.4925373134328358,0.45305155543868936,0.3333333333333333,0,1,0,0,0,1,0,1,1,0,0,1,1,0,0,1,0,1
0.13432835820895522,0.2691725500197212,1.0,1,0,0,0,0,1,1,0,1,0,1,0,0,1,1,0,1,0
0.5671641791044776,0.3796428328166754,1.0,1,0,1,0,0,0,0,1,0,1,0,1,0,1,0,1,1,0
0.29850746268656714,0.11325326587475705,0.6666666666666666,1,0,1,0,0,0,0,1,0,1,1,0,0,1,1,0,0,1
0.26865671641791045,0.19378220531885743,0.6666666666666666,1,0,0,0,0,1,0,1,0,1,0,1,0,1,1,0,1,0
0.13432835820895522,0.12148547206483121,1.0,0,1,0,0,1,0,1,0,1,0,0,1,0,1,0,1,1,0
0.23880597014925373,0.17862778611153793,0.0,1,0,0,0,0,1,0,1,0,1,0,1,1,0,0,1,1,0
0.3880597014925373,0.2169027136025446,0.0,0,1,0,0,1,0,0,1,0,1,0,1,0,1,0,1,0,1
0.373134328358209,0.22671736620090896,0.3333333333333333,1,0,1,0,0,0,0,1,1,0,1,0,0,1,1,0,0,1
0.208955223880597,0.15044471654567315,0.6666666666666666,0,1,1,0,0,0,1,0,1,0,0,1,1,0,0,1,1,0
0.04477611940298507,0.08962111575936044,0.3333333333333333,1,0,0,0,0,1,1,0,1,0,0,1,0,1,0,1,1,0
0.1791044776119403,0.3297363698140824,0.6666666666666666,1,0,1,0,0,0,0,1,1,0,1,0,0,1,1,0,1,0
0.5522388059701493,0.6096187080330936,0.3333333333333333,0,1,0,1,0,0,0,1,0,1,0,1,0,1,1,0,1,0
0.6865671641791045,0.8579249834864827,0.3333333333333333,0,1,0,0,1,0,0,1,1,0,0,1,0,1,1,0,0,1
0.26865671641791045,0.35844533748560514,0.3333333333333333,1,0,1,0,0,0,1,0,0,1,1,0,1,0,1,0,0,1
0.6119402985074627,0.3968517395030263,0.3333333333333333,0,1,1,0,0,0,1,0,1,0,0,1,0,1,1,0,0,1
0.6268656716417911,0.39125852802387456,0.0,0,1,1,0,0,0,0,1,0,1,1,0,0,1,0,1,0,1
0.13432835820895522,0.14155196966264902,0.3333333333333333,1,0,0,0,0,1,1,0,0,1,0,1,0,1,0,1,1,0
0.16417910447761194,0.08012643730961935,0.0,0,1,1,0,0,0,0,1,1,0,1,0,0,1,1,0,1,0
0.5223880597014925,0.5201384125797361,0.3333333333333333,1,0,1,0,0,0,1,0,1,0,0,1,0,1,1,0,0,1
0.6417910447761194,0.826264967107608,0.6666666666666666,1,0,0,1,0,0,1,0,1,0,0,1,0,1,1,0,0,1
0.373134328358209,0.5349237526948318,0.0,1,0,1,0,0,0,0,1,1,0,0,1,0,1,1,0,1,0
0.014925373134328358,0.0820146015925842,0.0,0,1,1,0,0,0,0,1,1,0,0,1,0,1,0,1,0,1
0.44776119402985076,0.2662310054950016,0.3333333333333333,1,0,1,0,0,0,0,1,0,1,0,1,1,0,0,1,0,1
0.31343283582089554,0.5128265280745635,0.6666666666666666,0,1,0,1,0,0,0,1,1,0,0,1,0,1,1,0,0,1
0.208955223880597,0.1522837758850374,0.6666666666666666,0,1,1,0,0,0,0,1,0,1,0,1,0,1,1,0,1,0
0.6716417910447762,0.6931129524584945,0.3333333333333333,0,1,0,0,1,0,0,1,0,1,0,1,1,0,0,1,0,1
0.417910447761194,0.25474361675333956,0.3333333333333333,0,1,0,1,0,0,0,1,0,1,0,1,0,1,1,0,0,1
0.3283582089552239,0.49489371947771355,0.0,0,1,1,0,0,0,1,0,1,0,1,0,0,1,0,1,0,1
0.13432835820895522,0.16264175092388575,0.0,1,0,1,0,0,0,1,0,0,1,1,0,1,0,0,1,0,1
0.05970149253731343,0.06815718650849593,0.6666666666666666,0,1,0,0,1,0,0,1,0,1,0,1,0,1,1,0,1,0
0.3582089552238806,0.24904110717391548,0.3333333333333333,0,1,0,1,0,0,0,1,0,1,0,1,0,1,1,0,0,1
0.5970149253731343,0.7547634171338237,0.3333333333333333,1,0,0,0,0,1,0,1,0,1,0,1,0,1,0,1,0,1
0.07462686567164178,0.0476156381821033,0.3333333333333333,1,0,1,0,0,0,0,1,0,1,1,0,0,1,1,0,1,0
0.5970149253731343,0.4313503384281033,1.0,0,1,0,0,1,0,0,1,1,0,1,0,1,0,1,0,1,0
0.40298507462686567,0.5717239478473818,0.6666666666666666,0,1,1,0,0,0,0,1,0,1,0,1,0,1,1,0,1,0
0.4626865671641791,0.544020839504452,0.0,1,0,0,0,1,0,0,1,0,1,1,0,1,0,0,1,1,0
0.7313432835820896,0.49234343047136,1.0,1,0,1,0,0,0,0,1,0,1,0,1,0,1,1,0,1,0
0.029850746268656716,0.042922789604325044,0.6666666666666666,1,0,0,0,0,1,0,1,0,1,0,1,0,1,1,0,1,0
0.373134328358209,0.2146613105317432,0.3333333333333333,1,0,0,1,0,0,0,1,0,1,0,1,0,1,0,1,0,1
0.34328358208955223,0.3186861734735095,0.0,0,1,0,1,0,0,0,1,1,0,1,0,0,1,1,0,1,0
0.29850746268656714,0.4162260157991196,0.0,1,0,0,0,1,0,0,1,1,0,0,1,0,1,1,0,1,0
0.7313432835820896,0.31433800991919864,0.0,1,0,0,0,1,0,0,1,1,0,1,0,0,1,0,1,0,1
0.3283582089552239,0.1803353709244877,0.3333333333333333,0,1,1,0,0,0,1,0,1,0,0,1,0,1,1,0,0,1
0.1044776119402985,0.2894608118789611,0.0,1,0,0,0,1,0,1,0,1,0,1,0,0,1,0,1,0,1
0.582089552238806,0.7268068639206972,0.0,1,0,0,1,0,0,0,1,1,0,0,1,0,1,1,0,1,0
0.208955223880597,0.276132779767496,0.3333333333333333,1,0,1,0,0,0,1,0,1,0,1,0,0,1,0,1,0,1
0.3880597014925373,0.28635928027992985,0.0,0,1,0,0,1,0,0,1,0,1,1,0,0,1,0,1,0,1
0.1791044776119403,0.31448374071956164,0.0,0,1,0,0,0,1,0,1,0,1,0,1,1,0,1,0,1,0
0.373134328358209,0.27277780329826823,0.0,0,1,0,0,0,1,0,1,1,0,1,0,0,1,0,1,1,0
0.014925373134328358,0.19573689888024887,0.6666666666666666,1,0,1,0,0,0,0,1,0,1,0,1,0,1,1,0,1,0
0.2835820895522388,0.38903454928789916,0.0,1,0,0,0,0,1,0,1,0,1,0,1,0,1,1,0,1,0
0.4626865671641791,0.2048149773246043,0.3333333333333333,0,1,1,0,0,0,1,0,0,1,0,1,0,1,0,1,0,1
0.4626865671641791,0.4538451546884925,1.0,1,0,0,1,0,0,1,0,0,1,1,0,0,1,1,0,1,0
0.3283582089552239,0.49345700386978636,0.0,0,1,1,0,0,0,0,1,1,0,1,0,1,0,1,0,1,0
0.22388059701492538,0.3595541587927154,0.6666666666666666,1,0,0,0,1,0,1,0,1,0,0,1,0,1,1,0,0,1
0.31343283582089554,0.2754072938265582,0.6666666666666666,0,1,0,0,0,1,0,1,0,1,0,1,0,1,1,0,1,0
0.373134328358209,0.37154526921389325,0.0,1,0,1,0,0,0,0,1,0,1,0,1,0,1,1,0,1,0
0.2835820895522388,0.4035125874978814,0.0,0,1,0,0,0,1,0,1,1,0,0,1,0,1,0,1,1,0
0.08955223880597014,0.22407837148998655,0.3333333333333333,1,0,0,0,0,1,0,1,0,1,0,1,0,1,1,0,0,1
0.6567164179104478,0.6388123890188674,0.0,0,1,0,0,0,1,0,1,0,1,0,1,1,0,1,0,0,1
0.0,0.020275589615730057,0.0,0,1,1,0,0,0,1,0,1,0,0,1,0,1,0,1,1,0
0.43283582089552236,0.3186038038906956,0.0,1,0,0,0,0,1,0,1,0,1,1,0,1,0,1,0,1,0
0.6716417910447762,0.7423572907376988,0.6666666666666666,0,1,0,0,1,0,0,1,0,1,0,1,1,0,0,1,0,1
0.029850746268656716,0.1208724522850431,0.6666666666666666,0,1,0,0,0,1,0,1,0,1,1,0,0,1,0,1,1,0
0.417910447761194,0.26881297511012975,1.0,1,0,0,0,0,1,1,0,1,0,0,1,1,0,1,0,1,0
0.43283582089552236,0.3814169469080518,0.6666666666666666,1,0,0,1,0,0,1,0,0,1,0,1,0,1,1,0,1,0
0.22388059701492538,0.2932704050841041,0.3333333333333333,0,1,0,0,0,1,0,1,1,0,0,1,0,1,0,1,0,1
0.029850746268656716,0.07132413856464666,1.0,0,1,0,0,0,1,1,0,0,1,0,1,0,1,1,0,1,0
0.029850746268656716,0.21147899338033685,0.3333333333333333,0,1,1,0,0,0,0,1,1,0,1,0,0,1,1,0,0,1
0.373134328358209,0.41595989868541317,0.3333333333333333,1,0,0,0,0,1,1,0,0,1,0,1,1,0,1,0,0,1
0.5970149253731343,0.7074183313506552,0.0,0,1,0,1,0,0,0,1,1,0,0,1,0,1,1,0,1,0
0.16417910447761194,0.1205318857407164,0.3333333333333333,0,1,0,0,1,0,0,1,0,1,0,1,0,1,1,0,1,0
0.1044776119402985,0.2978672614172954,0.0,0,1,1,0,0,0,0,1,1,0,1,0,1,0,1,0,1,0
0.3283582089552239,0.41912954359330973,0.6666666666666666,1,0,1,0,0,0,1,0,1,0,0,1,0,1,0,1,0,1
0.44776119402985076,0.2416246766597867,0.0,0,1,0,0,0,1,0,1,1,0,0,1,0,1,1,0,1,0
0.7014925373134329,0.7350343180194551,0.6666666666666666,0,1,0,0,1,0,0,1,1,0,0,1,0,1,1,0,0,1
0.6119402985074627,0.41117612676045184,1.0,1,0,0,1,0,0,0,1,0,1,0,1,0,1,0,1,1,0
0.6417910447761194,0.6654637011504814,0.6666666666666666,1,0,1,0,0,0,1,0,0,1,0,1,0,1,0,1,1,0
0.1791044776119403,0.07378477144816815,0.0,1,0,1,0,0,0,0,1,0,1,0,1,0,1,1,0,1,0
0.19402985074626866,0.17364284232085805,0.0,1,0,0,0,0,1,0,1,0,1,0,1,1,0,1,0,0,1
0.16417910447761194,0.15361277742313098,0.0,0,1,1,0,0,0,0,1,1,0,0,1,1,0,0,1,1,0
0.29850746268656714,0.3430596498342312,0.0,0,1,0,0,0,1,1,0,0,1,1,0,0,1,0,1,0,1
